<?xml version="1.0" encoding="UTF-8"?>
    <addon id="repository.enigmawiz" name="Enigma's Repository" version="2.0" provider-name="Enigma">
        <extension point="xbmc.addon.repository" name="Enigma Repository">
		<dir>		
            <info compressed="false">https://raw.githubusercontent.com/JxrJxrBlinkz/jxrjxrblinkz.github.io/master/repo/repository.enigmawiz/addon.xml</info>
            <checksum>https://raw.githubusercontent.com/JxrJxrBlinkz/jxrjxrblinkz.github.io/master/repo/zips/addons.xml.md5</checksum>
            <datadir zip="true">https://raw.githubusercontent.com/JxrJxrBlinkz/jxrjxrblinkz.github.io/master/repo/zips/</datadir>
		</dir>
		<dir>
        <info compressed="false">https://raw.githubusercontent.com/Gujal00/smrzips/master/addons.xml</info>
        <checksum>https://raw.githubusercontent.com/Gujal00/smrzips/master/addons.xml.md5</checksum>
        <datadir zip="true">https://raw.githubusercontent.com/Gujal00/smrzips/master/zips/</datadir>
        </dir>

        <dir>
			<info compressed="false">https://raw.githubusercontent.com/totalrevolution/python-koding/master/zips/addons.xml</info>
			<checksum>https://raw.githubusercontent.com/totalrevolution/python-koding/master/zips/addons.xml.md5</checksum>
			<datadir zip="true">https://raw.githubusercontent.com/totalrevolution/python-koding/master/zips/</datadir>
		</dir>
        </extension>
        <extension point="xbmc.addon.metadata">
            <summary></summary>
            <description></description>
            <platform>all</platform>
		<assets>
			<icon>icon.png</icon>
            <fanart>fanart.jpg</fanart>
		</assets>
    </extension>
</addon>