<?xml version="1.0" encoding="UTF-8"?>
<addons>
  <addon
    id="plugin.program.enigmawiz-2.0.2.zip"
     </addon>

  <addon
    id="repository.enigmawiz-1.0.zip"
    
  </addon>
</addons>
<extension point="xbmc.addon.repository">
  <dir>
    <info>https://github.com/JxrJxrBlinkz/jxrjxrblinkz.github.io/blob/master/repo/addons.xml</info>
    <checksum>https://github.com/JxrJxrBlinkz/jxrjxrblinkz.github.io/blob/master/repo/addons.xml.md5</checksum>
    <datadir>https://github.com/JxrJxrBlinkz/jxrjxrblinkz.github.io/blob/master/repo/zips/</datadir>
    <hashes>sha256</hashes>
  </dir>
</extension>