<addon id="repository.enigmawiz" name="Enigma Repository" version="1.0" provider-name="Enigma">
<extension point="xbmc.addon.repository" name="Enigma Repo">
<dir>
<info compressed="false">https://github.com/JxrJxrBlinkz/jxrjxrblinkz.github.io/blob/master/repo/addons.xml</info>
<checksum>https://github.com/JxrJxrBlinkz/jxrjxrblinkz.github.io/blob/master/repo/addons.xml.md5</checksum>
<datadir zip="true">https://github.com/JxrJxrBlinkz/jxrjxrblinkz.github.io/blob/master/repo/zips/</datadir>
</dir>
<dir>
<info compressed="false">https://raw.githubusercontent.com/Gujal00/smrzips/master/addons.xml</info>
<checksum>https://raw.githubusercontent.com/Gujal00/smrzips/master/addons.xml.md5</checksum>
<datadir zip="true">https://raw.githubusercontent.com/Gujal00/smrzips/master/zips/</datadir>
</dir>
<dir>
<info compressed="false">https://raw.githubusercontent.com/totalrevolution/python-koding/master/zips/addons.xml</info>
<checksum>https://raw.githubusercontent.com/totalrevolution/python-koding/master/zips/addons.xml.md5</checksum>
<datadir zip="true">https://raw.githubusercontent.com/totalrevolution/python-koding/master/zips/</datadir>
</dir>
</extension>
<extension point="xbmc.addon.metadata">
<summary>Install all the latest Builds</summary>
<description>Welcome to the New and Improved Enigma Wizard for all your Community Builds.</description>
<platform>all</platform>
<assets>
<icon>icon.png</icon>
<fanart>fanart.jpg</fanart>
</assets>
</extension>
</addon>