<?xml version="1.0" encoding="UTF-8" standalone="yes"?>
<addon id="repository.engimawiz" name="Enigma Repository" version="1.0.0" provider-name="JxrJxrBlinkz">
    <extension point="xbmc.addon.repository" name="Enigma Repository">
        <dir>
            <info compressed="false">https://raw.githubusercontent.com/JxrJxrBlinkz/repository.enigmawiz/master/repo/repository.enigmawiz/addon.xml</info>
            <checksum>https://raw.githubusercontent.com/JxrJxrBlinkz/repository.enigmawiz/master/repo/zips/addons.xml.md5</checksum>
            <datadir zip="true">https://raw.githubusercontent.com/JxrJxrBlinkz/repository.enigmawiz/master/repo/zips/</datadir>
        </dir>
    </extension>
    <extension point="xbmc.addon.metadata">
        <summary>Enigma Repository</summary>
        <description>Home of Enigma</description>
        <disclaimer></disclaimer>
        <platform>all</platform>
        <assets>
            <icon>icon.png</icon>
            <fanart>fanart.jpg</fanart>
        </assets>
    </extension>
</addon>
